Website URL,Summary,flag,username,timestamp
https://www.scaler.com/,"### Introduction to Scaler
Scaler is an online platform that offers various programs and courses to help professionals upskill in the field of Artificial Intelligence (AI) and related technologies. The platform aims to provide a comprehensive learning experience, with a focus on practical applications and industry relevance.

### Key Features
* **AI-Integrated Curriculum**: Scaler's curriculum is designed to be AI-first, with a focus on integrating AI into every aspect of the learning process.
* **AI-Powered Platform**: The platform uses AI to provide personalized learning experiences, including AI-assisted coding and 24/7 AI companion support.
* **Lifelong Learning Access**: Scaler offers lifelong access to its curriculum, ensuring that learners can stay up-to-date with the latest developments in the field.
* **Strong Foundations**: The platform focuses on building strong technical foundations, including data structures, system design, and engineering judgment.

### Programs and Courses
Scaler offers a range of programs and courses, including:
* **Modern Software and AI Engineering**: A 12-month program that covers software engineering, AI, and related topics.
* **Modern Data Science and ML with Specialisation in AI**: A 12-month program that covers data science, machine learning, and AI.
* **DevOps, Cloud & AI Platform Engineering**: A 12-month program that covers DevOps, cloud computing, and AI platform engineering.
* **Advanced AI & ML**: A 12-month program that covers advanced topics in AI and machine learning.

### Success Stories and Testimonials
The platform features numerous success stories and testimonials from learners who have achieved significant career gains after completing Scaler's programs.

### How Scaler Works
Scaler's approach to learning is based on six key principles:
1. **AI-First Structured Curriculum**: The platform's curriculum is designed to be AI-first, with a focus on integrating AI into every aspect of the learning process.
2. **1:1 Mentor Support**: Learners receive personalized support from industry experts and mentors.
3. **Projects, AI Labs, and Evaluated Practice**: Learners work on practical projects and participate in AI labs and evaluated practice sessions.
4. **Scaler-Built Preparation Products**: The platform provides a range of preparation products, including coding platforms and AI mock interviews.
5. **Backed by a Strong Tech Community**: Scaler has a strong community of learners, alumni, and industry experts.
6. **Learning Never Ends**: The platform offers lifelong access to its curriculum and continuous learning opportunities.",,,2026-06-13 23:18:19.781685
